,balanced_accuracy,roc_auc,f1,classification_report
0,0.8363636363636364,0.9019834710743803,0.8363095238095238,"              precision    recall  f1-score   support

           0       0.85      0.82      0.83       110
           1       0.82      0.85      0.84       110

    accuracy                           0.84       220
   macro avg       0.84      0.84      0.84       220
weighted avg       0.84      0.84      0.84       220
"
